{"cameraMode":{"drawMode":0,"name":"Shaded","section":"Shading Mode"},"sceneLighting":true,"audioPlay":false,"sceneViewState":{"m_AlwaysRefresh":false,"showFog":true,"showSkybox":true,"showFlares":true,"showImageEffects":true,"showParticleSystems":true,"showVisualEffectGraphs":true,"m_FxEnabled":true},"in2DMode":false,"pivot":{"x":-1.2137504816055298,"y":3.0510764122009279,"z":-2.8620240688323976},"rotation":{"x":-0.0015009348280727864,"y":-0.9977914094924927,"z":-0.062044184654951099,"w":0.024248149245977403},"size":2.4097304344177248,"orthographic":false}